borough,vehicle_type,num_of_injuries,num_of_deaths
BROOKLYN,PASSENGER VEHICLE,60532,198
BROOKLYN,Sedan,58910,149
QUEENS,Sedan,49780,162
QUEENS,PASSENGER VEHICLE,45806,170
BROOKLYN,Station Wagon/Sport Utility Vehicle,42480,174
QUEENS,Station Wagon/Sport Utility Vehicle,40291,147
BRONX,Sedan,27192,68
BROOKLYN,SPORT UTILITY / STATION WAGON,26376,140
BRONX,PASSENGER VEHICLE,23504,86
MANHATTAN,PASSENGER VEHICLE,19632,72
BRONX,Station Wagon/Sport Utility Vehicle,19122,73
QUEENS,SPORT UTILITY / STATION WAGON,18763,92
MANHATTAN,Sedan,17832,76
MANHATTAN,Station Wagon/Sport Utility Vehicle,12756,66
MANHATTAN,TAXI,9840,16
MANHATTAN,SPORT UTILITY / STATION WAGON,9334,48
BRONX,SPORT UTILITY / STATION WAGON,8774,34
STATEN ISLAND,Sedan,8223,32
STATEN ISLAND,PASSENGER VEHICLE,8006,40
MANHATTAN,Taxi,6960,16
BROOKLYN,UNKNOWN,4550,18
STATEN ISLAND,Station Wagon/Sport Utility Vehicle,4542,28
BROOKLYN,Bike,4099,14
STATEN ISLAND,SPORT UTILITY / STATION WAGON,3806,26
MANHATTAN,Bike,3670,16
BROOKLYN,Taxi,3176,4
QUEENS,UNKNOWN,2942,46
BROOKLYN,VAN,2918,12
BROOKLYN,OTHER,2852,12
BRONX,Taxi,2847,8
BROOKLYN,4 dr sedan,2703,8
BRONX,UNKNOWN,2576,18
MANHATTAN,VAN,2384,20
QUEENS,4 dr sedan,2346,6
QUEENS,Taxi,2304,8
QUEENS,Pick-up Truck,2275,16
MANHATTAN,UNKNOWN,2190,4
BROOKLYN,Pick-up Truck,2176,16
QUEENS,Bike,2175,8
BROOKLYN,Bus,2040,20
BROOKLYN,BUS,1872,26
MANHATTAN,LIVERY VEHICLE,1830,4
QUEENS,VAN,1766,10
BROOKLYN,TAXI,1732,10
BRONX,LIVERY VEHICLE,1658,4
MANHATTAN,OTHER,1516,14
QUEENS,Bus,1507,21
BROOKLYN,Motorcycle,1431,44
MANHATTAN,BUS,1314,16
BRONX,OTHER,1262,4
QUEENS,TAXI,1204,2
BRONX,4 dr sedan,1198,4
BRONX,Bus,1197,12
QUEENS,BUS,1176,20
BRONX,Bike,1138,2
QUEENS,Motorcycle,1136,46
BROOKLYN,MOTORCYCLE,1096,24
BRONX,VAN,1086,6
BRONX,TAXI,1070,8
QUEENS,OTHER,1070,4
MANHATTAN,Bus,1050,18
BROOKLYN,LIVERY VEHICLE,984,4
BROOKLYN,Box Truck,981,28
MANHATTAN,4 dr sedan,958,2
BRONX,Pick-up Truck,945,6
BRONX,BUS,932,8
MANHATTAN,Pick-up Truck,911,18
MANHATTAN,SMALL COM VEH(4 TIRES) ,880,10
QUEENS,MOTORCYCLE,858,38
BROOKLYN,PICK-UP TRUCK,844,4
BROOKLYN,SMALL COM VEH(4 TIRES) ,790,6
MANHATTAN,MOTORCYCLE,782,16
BROOKLYN,LARGE COM VEH(6 OR MORE TIRES),742,26
MANHATTAN,PICK-UP TRUCK,724,2
BROOKLYN,Van,675,2
BRONX,Motorcycle,628,22
MANHATTAN,Box Truck,611,24
QUEENS,PICK-UP TRUCK,602,8
QUEENS,Box Truck,598,6
BROOKLYN,E-Bike,598,5
MANHATTAN,Motorcycle,584,14
QUEENS,LIVERY VEHICLE,570,0
QUEENS,SMALL COM VEH(4 TIRES) ,548,4
MANHATTAN,LARGE COM VEH(6 OR MORE TIRES),492,28
MANHATTAN,Van,486,2
STATEN ISLAND,Pick-up Truck,483,6
BRONX,Box Truck,455,4
QUEENS,E-Bike,414,6
BRONX,MOTORCYCLE,410,18
QUEENS,LARGE COM VEH(6 OR MORE TIRES),388,14
BRONX,SMALL COM VEH(4 TIRES) ,386,0
BRONX,E-Bike,383,4
MANHATTAN,E-Bike,379,2
STATEN ISLAND,UNKNOWN,370,4
BROOKLYN,BICYCLE,356,0
BROOKLYN,E-Scooter,343,0
BRONX,PICK-UP TRUCK,328,4
MANHATTAN,E-Scooter,323,6
BROOKLYN,Moped,311,2
STATEN ISLAND,4 dr sedan,310,0
BRONX,LARGE COM VEH(6 OR MORE TIRES),306,4
BRONX,Van,296,0
BROOKLYN,AMBULANCE,286,2
QUEENS,Tractor Truck Diesel,284,4
QUEENS,Van,283,6
BROOKLYN,Convertible,260,0
BRONX,Moped,250,6
BRONX,AMBULANCE,242,4
BROOKLYN,Ambulance,242,0
STATEN ISLAND,PICK-UP TRUCK,238,4
BRONX,Ambulance,237,0
BROOKLYN,Tractor Truck Diesel,233,13
STATEN ISLAND,Bus,233,4
QUEENS,Convertible,233,0
MANHATTAN,BICYCLE,232,0
QUEENS,Moped,228,2
STATEN ISLAND,BUS,218,0
BRONX,Tractor Truck Diesel,209,2
MANHATTAN,Moped,206,2
STATEN ISLAND,OTHER,198,2
QUEENS,E-Scooter,197,2
BRONX,E-Scooter,197,0
STATEN ISLAND,VAN,196,0
BROOKLYN,Dump,191,4
BROOKLYN,Garbage or Refuse,186,10
QUEENS,2 dr sedan,184,0
MANHATTAN,AMBULANCE,180,0
STATEN ISLAND,Motorcycle,179,8
QUEENS,Dump,168,4
BROOKLYN,Motorscooter,162,4
STATEN ISLAND,Bike,154,0
BROOKLYN,PK,138,2
QUEENS,BICYCLE,136,2
BROOKLYN,2 dr sedan,128,0
BROOKLYN,Motorbike,126,2
MANHATTAN,Tractor Truck Diesel,124,4
MANHATTAN,Convertible,124,0
MANHATTAN,Dump,123,12
STATEN ISLAND,MOTORCYCLE,122,6
BRONX,Dump,121,4
BRONX,Motorscooter,116,4
BROOKLYN,Carry All,114,2
QUEENS,AMBULANCE,112,0
MANHATTAN,SCOOTER,112,0
BRONX,Garbage or Refuse,100,2
QUEENS,Garbage or Refuse,98,2
BRONX,Convertible,98,0
BROOKLYN,SCOOTER,98,0
MANHATTAN,PK,93,0
BROOKLYN,Flat Bed,92,6
QUEENS,PK,92,2
BRONX,PK,91,0
MANHATTAN,Garbage or Refuse,88,4
MANHATTAN,Motorscooter,88,2
QUEENS,Ambulance,86,0
QUEENS,Motorscooter,82,4
BROOKLYN,FIRE TRUCK,82,2
MANHATTAN,Ambulance,80,0
BRONX,Motorbike,78,4
QUEENS,Motorbike,78,2
MANHATTAN,Flat Bed,75,20
BROOKLYN,Tow Truck / Wrecker,74,0
QUEENS,FIRE TRUCK,70,0
BROOKLYN,Concrete Mixer,60,4
BRONX,FIRE TRUCK,56,0
QUEENS,Flat Bed,54,4
QUEENS,Tow Truck / Wrecker,54,2
BRONX,Carry All,54,0
BROOKLYN,Tanker,52,6
MANHATTAN,FIRE TRUCK,50,0
STATEN ISLAND,SMALL COM VEH(4 TIRES) ,50,0
BROOKLYN,Chassis Cab,48,4
BROOKLYN,LIMO,48,0
BRONX,2 dr sedan,48,0
BRONX,Tractor Truck Gasoline,46,0
MANHATTAN,Motorbike,40,0
STATEN ISLAND,Taxi,40,0
BROOKLYN,E-Sco,40,0
BRONX,Tow Truck / Wrecker,38,0
BROOKLYN,Tractor Truck Gasoline,38,0
QUEENS,Chassis Cab,36,2
BROOKLYN,3-Door,36,0
QUEENS,SCOOTER,36,0
BROOKLYN,E-Bik,36,0
BRONX,BICYCLE,36,0
BRONX,SCOOTER,32,2
MANHATTAN,2 dr sedan,32,0
BRONX,MOPED,31,0
MANHATTAN,Tow Truck / Wrecker,30,0
QUEENS,School Bus,30,0
QUEENS,Tanker,30,0
BRONX,Tanker,30,0
STATEN ISLAND,Dump,30,0
MANHATTAN,Carry All,29,0
STATEN ISLAND,Box Truck,28,2
BROOKLYN,MOPED,28,0
BROOKLYN,van,28,0
BRONX,E-Sco,28,0
QUEENS,Concrete Mixer,26,4
BRONX,Flat Bed,26,0
MANHATTAN,LIMO,26,0
BROOKLYN,FDNY,26,0
STATEN ISLAND,Van,26,0
QUEENS,Tractor Truck Gasoline,24,0
BROOKLYN,Stake or Rack,24,0
MANHATTAN,E-Bik,24,0
BROOKLYN,FRONT,24,0
QUEENS,Carry All,23,0
BRONX,Chassis Cab,22,0
BROOKLYN,Refrigerated Van,22,0
QUEENS,Open Body,20,0
QUEENS,Multi-Wheeled Vehicle,20,0
STATEN ISLAND,LARGE COM VEH(6 OR MORE TIRES),20,0
MANHATTAN,Tanker,18,4
BROOKLYN,FIRETRUCK,18,0
BRONX,moped,18,0
MANHATTAN,Multi-Wheeled Vehicle,18,0
MANHATTAN,van,18,0
BRONX,E-Bik,18,0
BROOKLYN,AMBUL,18,0
MANHATTAN,MTA B,18,0
STATEN ISLAND,LIVERY VEHICLE,18,0
MANHATTAN,Tractor Truck Gasoline,16,2
MANHATTAN,Armored Truck,16,2
STATEN ISLAND,Convertible,16,0
MANHATTAN,Concrete Mixer,16,0
MANHATTAN,3-Door,16,0
MANHATTAN,Refrigerated Van,16,0
BRONX,Multi-Wheeled Vehicle,16,0
BROOKLYN,School Bus,16,0
MANHATTAN,MOPED,16,0
STATEN ISLAND,School Bus,16,0
MANHATTAN,Chassis Cab,16,0
MANHATTAN,Pedicab,16,0
BRONX,School Bus,16,0
STATEN ISLAND,2 dr sedan,16,0
BRONX,AMBUL,16,0
QUEENS,AMBUL,16,0
BRONX,ELECT,16,0
BRONX,Minibike,14,2
STATEN ISLAND,PK,14,0
QUEENS,Refrigerated Van,14,0
BRONX,3-Door,14,0
BRONX,van,14,0
BRONX,Concrete Mixer,14,0
BRONX,TRUCK VAN,14,0
QUEENS,E-Sco,14,0
BRONX,FIRET,14,0
BROOKLYN,ELECT,14,0
BROOKLYN,MTA B,14,0
STATEN ISLAND,AMBULANCE,12,2
MANHATTAN,AMBUL,12,2
QUEENS,MOPED,12,0
QUEENS,LIMO,12,0
QUEENS,Minicycle,12,0
BRONX,Refrigerated Van,12,0
BROOKLYN,Flat Rack,12,0
BRONX,Lift Boom,12,0
MANHATTAN,E-Sco,12,0
BROOKLYN,TRACT,12,0
BRONX,ambul,12,0
STATEN ISLAND,UNKNO,12,0
QUEENS,Lift Boom,10,0
BRONX,MOTOR SCOO,10,0
BRONX,Open Body,10,0
BROOKLYN,PC,10,0
MANHATTAN,School Bus,10,0
STATEN ISLAND,Garbage or Refuse,10,0
BRONX,FDNY,10,0
MANHATTAN,COM,10,0
QUEENS,E-Bik,10,0
MANHATTAN,FDNY,10,0
QUEENS,TRACT,10,0
BROOKLYN,BOX T,10,0
BROOKLYN,Pickup with mounted Camper,10,0
QUEENS,FIRE,10,0
BRONX,TOWER,10,0
STATEN ISLAND,FIRE,10,0
QUEENS,3-Door,9,0
QUEENS,Flat Rack,8,2
BROOKLYN,Beverage Truck,8,0
BROOKLYN,PSD,8,0
STATEN ISLAND,Ambulance,8,0
MANHATTAN,Beverage Truck,8,0
BROOKLYN,TRUCK,8,0
BRONX,ELECTRIC S,8,0
QUEENS,DELV,8,0
BRONX,PICKUP,8,0
QUEENS,Com,8,0
BROOKLYN,Amb,8,0
BROOKLYN,Minibike,8,0
QUEENS,truck,8,0
STATEN ISLAND,FIRE TRUCK,8,0
QUEENS,BACKH,8,0
BROOKLYN,Ambul,8,0
MANHATTAN,UNKNO,8,0
BROOKLYN,SELF,8,0
QUEENS,suv,8,0
STATEN ISLAND,BICYCLE,8,0
BRONX,AMBULANVE,8,0
STATEN ISLAND,E-Bike,7,1
QUEENS,Hopper,7,0
BROOKLYN,Armored Truck,6,2
BROOKLYN,Minicycle,6,2
MANHATTAN,Open Body,6,2
QUEENS,Beverage Truck,6,2
MANHATTAN,Utili,6,2
BROOKLYN,Lift Boom,6,0
BRONX,GARBAGE TR,6,0
BROOKLYN,fire truck,6,0
STATEN ISLAND,Tractor Truck Gasoline,6,0
BROOKLYN,Fire Truck,6,0
QUEENS,Snow Plow,6,0
QUEENS,Armored Truck,6,0
MANHATTAN,work truck,6,0
BROOKLYN,PICK UP,6,0
BROOKLYN,Multi-Wheeled Vehicle,6,0
MANHATTAN,Pass,6,0
MANHATTAN,USPS,6,0
BRONX,COM,6,0
BROOKLYN,Tow Truck,6,0
BROOKLYN,PICKUP TRU,6,0
QUEENS,TRACTOR,6,0
QUEENS,MTA BUS,6,0
QUEENS,TRUCK,6,0
BROOKLYN,scooter,6,0
BRONX,AMB,6,0
STATEN ISLAND,van,6,0
BRONX,FDNY LADDE,6,0
BRONX,Bulk Agriculture,6,0
BROOKLYN,UNK,6,0
BROOKLYN,Open Body,6,0
QUEENS,TRL,6,0
MANHATTAN,DELIV,6,0
QUEENS,SCOOT,6,0
QUEENS,MOTOR,6,0
BRONX,SCOOT,6,0
BROOKLYN,FORKL,6,0
QUEENS,ELECT,6,0
MANHATTAN,rv,6,0
BROOKLYN,MOTOR,6,0
BROOKLYN,E-BIK,6,0
BROOKLYN,NYPD,6,0
BROOKLYN,TANK,6,0
BROOKLYN,p/sh,6,0
QUEENS,18 WH,6,0
STATEN ISLAND,TAXI,6,0
MANHATTAN,PEDICAB,6,0
BRONX,PASS,6,0
BRONX,E-SCOOTER,6,0
QUEENS,PAS,6,0
QUEENS,Lunch Wagon,5,0
QUEENS,dump,4,0
STATEN ISLAND,Flat Bed,4,0
MANHATTAN,Lift Boom,4,0
MANHATTAN,Bulk Agriculture,4,0
MANHATTAN,PICK UP,4,0
BRONX,SCHOOL BUS,4,0
BRONX,Scooter,4,0
BROOKLYN,PICKUP,4,0
BROOKLYN,50cc Scoot,4,0
STATEN ISLAND,Tractor Truck Diesel,4,0
BRONX,LIMO,4,0
BROOKLYN,Pedicab,4,0
QUEENS,Minibike,4,0
QUEENS,SCHOOL BUS,4,0
BROOKLYN,Forklift,4,0
BROOKLYN,PAS,4,0
BROOKLYN,Fire truck,4,0
BRONX,gas scoote,4,0
BROOKLYN,FDNY FIRE,4,0
MANHATTAN,ambulance,4,0
BROOKLYN,Yamaha,4,0
BRONX,Motorscoot,4,0
BRONX,Armored Truck,4,0
STATEN ISLAND,police rep,4,0
QUEENS,van,4,0
STATEN ISLAND,APP,4,0
QUEENS,Cement Tru,4,0
BROOKLYN,FIRE,4,0
BRONX,School bus,4,0
BRONX,Beverage Truck,4,0
QUEENS,TRAILER,4,0
BRONX,FDNY FIRE,4,0
QUEENS,Tractor,4,0
STATEN ISLAND,Snow Plow,4,0
MANHATTAN,TRUCK,4,0
QUEENS,ambulance,4,0
MANHATTAN,AMBU,4,0
QUEENS,Stake or Rack,4,0
BROOKLYN,ELEC. UNIC,4,0
BROOKLYN,SCOOT,4,0
BROOKLYN,TRAIL,4,0
QUEENS,MTA B,4,0
QUEENS,Van Camper,4,0
BROOKLYN,usps,4,0
BROOKLYN,Fire,4,0
QUEENS,scoot,4,0
BROOKLYN,moped,4,0
BROOKLYN,TOW T,4,0
QUEENS,SCHOO,4,0
BROOKLYN,DUMP,4,0
BROOKLYN,E BIK,4,0
QUEENS,E-BIK,4,0
QUEENS,Trail,4,0
BROOKLYN,WAGON,4,0
MANHATTAN,motor,4,0
MANHATTAN,Ambul,4,0
BROOKLYN,SEGWA,4,0
MANHATTAN,schoo,4,0
BROOKLYN,DELIV,4,0
STATEN ISLAND,comm,4,0
MANHATTAN,ELECT,4,0
MANHATTAN,tow t,4,0
QUEENS,tract,4,0
QUEENS,FORKL,4,0
BRONX,E-BIK,4,0
QUEENS,ambul,4,0
BROOKLYN,e sco,4,0
BROOKLYN,MAIL,4,0
BROOKLYN,scoot,4,0
MANHATTAN,SELF,4,0
BRONX,MOTOR,4,0
QUEENS,fire,4,0
BRONX,RINGO,4,0
BRONX,3DOOR,4,0
STATEN ISLAND,WAGON,4,0
QUEENS,cemen,4,0
BRONX,VAN T,4,0
MANHATTAN,SEMI,4,0
QUEENS,Electric m,4,0
QUEENS,Tractor Tr,4,0
BRONX,Mopped,4,0
STATEN ISLAND,MTA BUS,4,0
BROOKLYN,amazon tru,4,0
BROOKLYN,SANITATION,4,0
BROOKLYN,Street Swe,4,0
BROOKLYN,Ford f150,4,0
BRONX,Snow Plow,3,0
BRONX,Minicycle,2,2
QUEENS,scooter,2,0
BRONX,Flat Rack,2,0
BROOKLYN,COM,2,0
BROOKLYN,COMMERCIAL,2,0
BROOKLYN,FDNY Ambul,2,0
BRONX,TRAILER,2,0
BRONX,E-bike,2,0
BRONX,PICK UP,2,0
BROOKLYN,Pallet,2,0
BROOKLYN,MOPAD,2,0
MANHATTAN,Scooter,2,0
BRONX,SANMEN COU,2,0
BRONX,FDNY AMBUL,2,0
BRONX,TOW TRUCK,2,0
BROOKLYN,E scooter,2,0
MANHATTAN,Van Camper,2,0
MANHATTAN,RV,2,0
BROOKLYN,Dodge,2,0
BRONX,SELF INSUR,2,0
QUEENS,DUMP,2,0
MANHATTAN,kick scoot,2,0
QUEENS,SEMI,2,0
STATEN ISLAND,FIRETRUCK,2,0
QUEENS,Delivery,2,0
BRONX,MTA BUS,2,0
MANHATTAN,Cement tru,2,0
BRONX,Dirt Bike,2,0
MANHATTAN,Sprinter V,2,0
MANHATTAN,Snow Plow,2,0
BRONX,Firetruck,2,0
MANHATTAN,Flat Rack,2,0
QUEENS,CMIX,2,0
BROOKLYN,Grumman LL,2,0
QUEENS,firetruck,2,0
BRONX,AMBULENCE,2,0
MANHATTAN,Lunch Wagon,2,0
QUEENS,Dump truck,2,0
STATEN ISLAND,trailer,2,0
BRONX,AMBU,2,0
BRONX,TRUCK,2,0
BROOKLYN,NYC SANITA,2,0
BRONX,NYS AMBULA,2,0
QUEENS,Truck,2,0
BRONX,BOX TRUCK,2,0
MANHATTAN,Post offic,2,0
QUEENS,SKATEBOARD,2,0
MANHATTAN,Motorized,2,0
MANHATTAN,VERZION VA,2,0
MANHATTAN,Truck,2,0
BROOKLYN,FDNY LADDE,2,0
MANHATTAN,Garbage,2,0
BRONX,GAS POWERE,2,0
BROOKLYN,ECONOLINE,2,0
MANHATTAN,FDNY ENGIN,2,0
BROOKLYN,gas mo ped,2,0
BROOKLYN,Scooter,2,0
BROOKLYN,MTA BUS,2,0
BRONX,Box truck,2,0
MANHATTAN,FDNY AMBUL,2,0
BROOKLYN,Unknown,2,0
BROOKLYN,Fork Lift,2,0
BROOKLYN,box truck,2,0
BRONX,Pickup with mounted Camper,2,0
BRONX,Ford picku,2,0
BROOKLYN,AMBU,2,0
BROOKLYN,UPS TRUCK,2,0
STATEN ISLAND,Motorbike,2,0
BROOKLYN,F550,2,0
BRONX,FORK LIFT,2,0
BROOKLYN,USPS TRUCK,2,0
BRONX,Electric S,2,0
BROOKLYN,Firetruck,2,0
BRONX,FEDEX TRUC,2,0
STATEN ISLAND,E-Scooter,2,0
MANHATTAN,YELLOW TAX,2,0
MANHATTAN,FIRETRUCK,2,0
QUEENS,garbage tr,2,0
QUEENS,Suv,2,0
BRONX,US POSTAL,2,0
MANHATTAN,E Bike w p,2,0
QUEENS,moped,2,0
MANHATTAN,Minibike,2,0
BROOKLYN,G COM,2,0
BRONX,truck,2,0
MANHATTAN,Motorscoot,2,0
BRONX,DIRT BIKE,2,0
MANHATTAN,REFG,2,0
QUEENS,Fire,2,0
BROOKLYN,MTA bus,2,0
QUEENS,TRAC,2,0
BRONX,E-scooter,2,0
BRONX,scooter,2,0
BROOKLYN,US POSTAL,2,0
BROOKLYN,FLAT,2,0
BRONX,Lunch Wagon,2,0
BRONX,SPARK150 S,2,0
BRONX,box truck,2,0
BRONX,Ram Promas,2,0
QUEENS,Power Shov,2,0
BRONX,BULLDOZER,2,0
QUEENS,FDNY,2,0
QUEENS,sedan,2,0
BROOKLYN,Glass Rack,2,0
MANHATTAN,STAK,2,0
BRONX,Subr,2,0
BRONX,PICK UP TR,2,0
BRONX,ebike,2,0
BROOKLYN,SEDAN,2,0
QUEENS,forlift,2,0
QUEENS,Street Swe,2,0
MANHATTAN,Pick up tr,2,0
BRONX,E-BIKE,2,0
BRONX,E-UNICYCLE,2,0
MANHATTAN,SKATEBOARD,2,0
QUEENS,SLINGSHOT,2,0
QUEENS,Fork lift,2,0
MANHATTAN,moped,2,0
BRONX,Livestock Rack,2,0
QUEENS,Front-Load,2,0
BROOKLYN,suburban,2,0
BROOKLYN,GARBAGE TR,2,0
MANHATTAN,E REVEL SC,2,0
BROOKLYN,CHEVROLET,2,0
QUEENS,POSTAL TRU,2,0
QUEENS,MOTOR SCOO,2,0
QUEENS,LIGHT TRAI,2,0
QUEENS,ambu,2,0
QUEENS,GOLF CART,2,0
BRONX,postal bus,2,0
BROOKLYN,com,2,0
QUEENS,Motorized Home,2,0
STATEN ISLAND,LIMO,2,0
MANHATTAN,TRAC,2,0
BROOKLYN,POSTAL TRU,2,0
BROOKLYN,PUSH SCOOT,2,0
BROOKLYN,nat grid t,2,0
BROOKLYN,backh,2,0
MANHATTAN,pedicab,2,0
BROOKLYN,SCHOO,2,0
QUEENS,GRUMM,2,0
QUEENS,trail,2,0
MANHATTAN,SKATE,2,0
QUEENS,TRAIL,2,0
BROOKLYN,SANIT,2,0
BRONX,DELV,2,0
MANHATTAN,COMME,2,0
BRONX,FIRE,2,0
BRONX,prks,2,0
MANHATTAN,PICK-,2,0
BROOKLYN,elect,2,0
STATEN ISLAND,van t,2,0
BRONX,SCHOO,2,0
BROOKLYN,APPOR,2,0
MANHATTAN,SCHOO,2,0
QUEENS,Ambul,2,0
MANHATTAN,Scoot,2,0
QUEENS,USPS,2,0
STATEN ISLAND,USPS,2,0
BRONX,Fire,2,0
MANHATTAN,ICE C,2,0
BROOKLYN,ambul,2,0
MANHATTAN,Minicycle,2,0
MANHATTAN,SANIT,2,0
MANHATTAN,SCOOT,2,0
MANHATTAN,elect,2,0
BRONX,MTA B,2,0
QUEENS,TANK,2,0
QUEENS,firet,2,0
QUEENS,P/SH,2,0
BRONX,Scoot,2,0
STATEN ISLAND,GARBA,2,0
BROOKLYN,mta b,2,0
BROOKLYN,ROAD,2,0
MANHATTAN,Pallet,2,0
BROOKLYN,Scoot,2,0
BROOKLYN,dumps,2,0
BRONX,fdny,2,0
STATEN ISLAND,BK,2,0
BROOKLYN,USPS,2,0
BRONX,Sanit,2,0
BRONX,TKTR,2,0
BRONX,PSD,2,0
BROOKLYN,Motor,2,0
QUEENS,STREE,2,0
QUEENS,mc,2,0
MANHATTAN,truck,2,0
BRONX,E BIK,2,0
BROOKLYN,bus,2,0
MANHATTAN,Rescu,2,0
MANHATTAN,TRAIL,2,0
QUEENS,SELF,2,0
QUEENS,EBIKE,2,0
BROOKLYN,EBIKE,2,0
BRONX,EBIKE,2,0
QUEENS,e-bik,2,0
BRONX,POWER,2,0
QUEENS,Enclosed Body - Removable Enclosure,2,0
BROOKLYN,Utili,2,0
BROOKLYN,SWEEP,2,0
QUEENS,FD TR,2,0
STATEN ISLAND,Trail,2,0
QUEENS,seagr,2,0
BRONX,CONST,2,0
BROOKLYN,delv,2,0
MANHATTAN,FOOD,2,0
BROOKLYN,Cargo,2,0
MANHATTAN,bus,2,0
BROOKLYN,Smart,2,0
QUEENS,mopad,2,0
QUEENS,schoo,2,0
BROOKLYN,SEMI,2,0
BRONX,work,2,0
BRONX,BACK,2,0
BROOKLYN,TRAC,2,0
BRONX,fire,2,0
MANHATTAN,POSTA,2,0
BROOKLYN,ELEC.,2,0
MANHATTAN,GARBA,2,0
MANHATTAN,unkno,2,0
QUEENS,BULLD,2,0
QUEENS,bus,2,0
BROOKLYN,TF,2,0
BROOKLYN,CONST,2,0
BROOKLYN,SPC,2,0
BRONX,Hopper,2,0
STATEN ISLAND,posta,2,0
MANHATTAN,GOLF,2,0
BROOKLYN,CO,2,0
BROOKLYN,const,2,0
STATEN ISLAND,YELLO,2,0
QUEENS,pick,2,0
QUEENS,CEMEN,2,0
QUEENS,tow,2,0
QUEENS,usps,2,0
QUEENS,food,2,0
BROOKLYN,TRuck,2,0
STATEN ISLAND,PAS,2,0
STATEN ISLAND,4DS,2,0
MANHATTAN,dump,2,0
BROOKLYN,fork,2,0
QUEENS,motor,2,0
MANHATTAN,power,2,0
MANHATTAN,OMT,2,0
BROOKLYN,miniv,2,0
BROOKLYN,SCOO,2,0
QUEENS,PC,2,0
BROOKLYN,MOPD,2,0
MANHATTAN,FREIG,2,0
QUEENS,Posta,2,0
QUEENS,E BIK,2,0
QUEENS,NYC F,2,0
BROOKLYN,Tract,2,0
BROOKLYN,2 WHE,2,0
MANHATTAN,pick,2,0
MANHATTAN,US MA,2,0
BRONX,REP,2,0
BRONX,BOX H,2,0
STATEN ISLAND,Minibike,2,0
BROOKLYN,COMME,2,0
MANHATTAN,DEIV,2,0
BROOKLYN,comm,2,0
BROOKLYN,SUBR,2,0
QUEENS,UNKNO,2,0
BROOKLYN,motor,2,0
BROOKLYN,CEMEN,2,0
MANHATTAN,Stree,2,0
STATEN ISLAND,Multi-Wheeled Vehicle,2,0
MANHATTAN,HORSE,2,0
MANHATTAN,U-HAL,2,0
MANHATTAN,GARBAGE TR,2,0
QUEENS,scoo,2,0
STATEN ISLAND,SCOOTER,2,0
MANHATTAN,In Line Sk,2,0
MANHATTAN,MTA BUS,2,0
MANHATTAN,PEPSI DELI,2,0
MANHATTAN,ELECTRIC C,2,0
MANHATTAN,Trailer,2,0
BROOKLYN,Sweeper,2,0
MANHATTAN,Unk,2,0
STATEN ISLAND,Van Camper,2,0
MANHATTAN,standing s,2,0
BROOKLYN,Tk,2,0
BROOKLYN,Motor Scoo,2,0
QUEENS,ROAD SWEEP,2,0
BRONX,Traffic To,2,0
STATEN ISLAND,Minicycle,2,0
BROOKLYN,SUBURBAN,2,0
BROOKLYN,REVEL,2,0
BROOKLYN,Fork lift,2,0
MANHATTAN,School bus,2,0
MANHATTAN,Pickup tru,2,0
BRONX,electric s,2,0
MANHATTAN,Unknown,2,0
BROOKLYN,YELLOW BUS,2,0
QUEENS,MOTORIZEDS,2,0
BROOKLYN,SCHOOL BUS,2,0
BRONX,Gas Moped,2,0
STATEN ISLAND,MOPED,2,0
QUEENS,SPC,2,0
BROOKLYN,Pickup,2,0
BROOKLYN,Ford Couri,2,0
QUEENS,Tow truck,2,0
BROOKLYN,BOX CAR,2,0
BROOKLYN,Electric s,2,0
BROOKLYN,Pickup tru,2,0
MANHATTAN,AMBULACE,1,0
BROOKLYN,pickup,1,0
BRONX,FDNY FIRET,1,0
MANHATTAN,ELECTRIC S,0,2
STATEN ISLAND,Tow Truck / Wrecker,0,2
BROOKLYN,Backhoe Lo,0,2
BROOKLYN,ï¿½MBU,0,0
BROOKLYN,Trailer,0,0
BRONX,FDNY Ambul,0,0
BROOKLYN,SEMI TRAIL,0,0
BROOKLYN,trailer,0,0
MANHATTAN,USPCS,0,0
MANHATTAN,USPS truck,0,0
BROOKLYN,MACK,0,0
BRONX,ambulance,0,0
BROOKLYN,NYPD VAN,0,0
MANHATTAN,AMB,0,0
BROOKLYN,EMS bus,0,0
MANHATTAN,forklift,0,0
STATEN ISLAND,3-Door,0,0
MANHATTAN,commercial,0,0
STATEN ISLAND,SHUTTLE BU,0,0
BROOKLYN,ambulance,0,0
BRONX,NYS Ambula,0,0
BROOKLYN,FDNY AMBUL,0,0
MANHATTAN,scooter,0,0
BROOKLYN,Mini Van,0,0
BROOKLYN,TRAILER,0,0
QUEENS,VAN/TRUCK,0,0
MANHATTAN,STREET CLE,0,0
MANHATTAN,Stake or Rack,0,0
MANHATTAN,EMS,0,0
BRONX,TRUCK COMM,0,0
BRONX,Enclosed Body - Nonremovable Enclosure,0,0
STATEN ISLAND,Fire Truck,0,0
QUEENS,DUMP TRUCK,0,0
QUEENS,Firetruck,0,0
BROOKLYN,MOTOR HOME,0,0
QUEENS,trailer,0,0
MANHATTAN,Motorized Home,0,0
MANHATTAN,City Owned,0,0
BROOKLYN,Pick wh,0,0
BROOKLYN,PASSENGER,0,0
BRONX,USPS MAIL,0,0
BRONX,VMS,0,0
BRONX,HWH,0,0
QUEENS,Fire truck,0,0
BRONX,LOCOMOTIVE,0,0
MANHATTAN,NYS AMBULA,0,0
BROOKLYN,FDNY TRUCK,0,0
QUEENS,CHERV,0,0
BROOKLYN,BOX TRUCK,0,0
MANHATTAN,trailer,0,0
BROOKLYN,TLR,0,0
STATEN ISLAND,Constructi,0,0
BROOKLYN,School bus,0,0
STATEN ISLAND,MINI BUS,0,0
BRONX,PAS,0,0
BRONX,Mack,0,0
BRONX,Mopd,0,0
BRONX,fire truck,0,0
BROOKLYN,Lunch Wagon,0,0
MANHATTAN,Fire Engin,0,0
BROOKLYN,Pas (4dr s,0,0
BROOKLYN,Snow Plow,0,0
MANHATTAN,Horse carr,0,0
QUEENS,UPS,0,0
MANHATTAN,MOTOR SCOO,0,0
BROOKLYN,Sanitation,0,0
QUEENS,FDNY TRUCK,0,0
BROOKLYN,Postal tru,0,0
MANHATTAN,Pro master,0,0
QUEENS,FDNY AMBUL,0,0
MANHATTAN,US POSTAL,0,0
MANHATTAN,FDNY FIRE,0,0
BRONX,VAN WH,0,0
MANHATTAN,FOOD CART,0,0
QUEENS,fire truck,0,0
BRONX,tk,0,0
QUEENS,Sprinter V,0,0
BROOKLYN,FREIG,0,0
MANHATTAN,Fire Truck,0,0
BROOKLYN,Garbage Tr,0,0
MANHATTAN,FDNY LADER,0,0
QUEENS,12 PASSENG,0,0
MANHATTAN,COMMERCIAL,0,0
MANHATTAN,Firetruck,0,0
STATEN ISLAND,UTILITY,0,0
QUEENS,fork lift,0,0
QUEENS,FORKLIFT,0,0
STATEN ISLAND,Carry All,0,0
BRONX,Pick Up,0,0
QUEENS,house on w,0,0
MANHATTAN,BOBCAT,0,0
BRONX,Truck,0,0
MANHATTAN,FRIEG,0,0
QUEENS,COMMERCIAL,0,0
BRONX,Ford,0,0
QUEENS,FDNY FIRE,0,0
STATEN ISLAND,Concrete Mixer,0,0
STATEN ISLAND,FREIGHTLIN,0,0
QUEENS,RV,0,0
MANHATTAN,NJ transit,0,0
BRONX,Schoolbus,0,0
BRONX,Street Swe,0,0
MANHATTAN,Delivery,0,0
BROOKLYN,EMS BUS,0,0
BRONX,Pallet,0,0
MANHATTAN,MINIVAN,0,0
BRONX,Trailer,0,0
BRONX,VAN TRUCK,0,0
QUEENS,Fire Truck,0,0
BROOKLYN,Limousine,0,0
QUEENS,Trailer,0,0
BROOKLYN,Van Camper,0,0
BROOKLYN,Commercial,0,0
QUEENS,POWER LADD,0,0
MANHATTAN,PICKUP,0,0
BRONX,OML/OMNIBU,0,0
QUEENS,Well Driller,0,0
BROOKLYN,Vanette,0,0
BROOKLYN,FDNY ENGIN,0,0
MANHATTAN,TRAILER,0,0
MANHATTAN,NYC AMBULA,0,0
STATEN ISLAND,TRUCK,0,0
MANHATTAN,CMIXER,0,0
BRONX,Stake or Rack,0,0
BRONX,DUMP,0,0
BROOKLYN,Bulk Agriculture,0,0
QUEENS,TRAILEE,0,0
QUEENS,Quality tr,0,0
QUEENS,con ed tru,0,0
BROOKLYN,ford,0,0
QUEENS,Pick up,0,0
QUEENS,SUBURBAN,0,0
BROOKLYN,Unk,0,0
QUEENS,sanitaion,0,0
BROOKLYN,SKID LOADE,0,0
BROOKLYN,DUMP TRUCK,0,0
STATEN ISLAND,Excavator,0,0
MANHATTAN,box,0,0
BRONX,G PSD,0,0
QUEENS,Postal tru,0,0
BROOKLYN,TOW TRUCK,0,0
BROOKLYN,Dump truck,0,0
QUEENS,UTIL,0,0
BROOKLYN,Van truck,0,0
QUEENS,FDNY EMS,0,0
QUEENS,AMB,0,0
QUEENS,Government,0,0
BROOKLYN,UTILITY WH,0,0
MANHATTAN,DUMP,0,0
MANHATTAN,USPS Truck,0,0
BROOKLYN,Sprinter v,0,0
QUEENS,REP,0,0
QUEENS,unknown,0,0
MANHATTAN,Box truck,0,0
BROOKLYN,Ambulette,0,0
BROOKLYN,LADDER TRU,0,0
BROOKLYN,sanitaton,0,0
BROOKLYN,Enclosed Body - Removable Enclosure,0,0
STATEN ISLAND,FIRTRUCK,0,0
QUEENS,TTAILER,0,0
BROOKLYN,fdny ems,0,0
BRONX,AMBULACE,0,0
STATEN ISLAND,bus,0,0
MANHATTAN,DELIVERY,0,0
MANHATTAN,firetruck,0,0
BROOKLYN,USPS/GOVT,0,0
MANHATTAN,BOX TRUCK,0,0
BROOKLYN,CATAPILLAR,0,0
MANHATTAN,utility,0,0
QUEENS,FLAT  BED,0,0
QUEENS,Fire Engin,0,0
QUEENS,UNK,0,0
MANHATTAN,POWER SHOV,0,0
BRONX,SMART CAR,0,0
BROOKLYN,DELV,0,0
BROOKLYN,FDNY #226,0,0
MANHATTAN,Delv,0,0
QUEENS,dump truck,0,0
MANHATTAN,Horse,0,0
BROOKLYN,DOT EQUIPM,0,0
MANHATTAN,GEN  AMBUL,0,0
BROOKLYN,18 WHEELER,0,0
BRONX,Wh Ford co,0,0
BROOKLYN,ROAD SWEEP,0,0
MANHATTAN,BACK HOE,0,0
MANHATTAN,UTIL,0,0
BROOKLYN,NYC AMBULA,0,0
BROOKLYN,FIRE ENGIN,0,0
BROOKLYN,Work van,0,0
QUEENS,FLATBED,0,0
BROOKLYN,postal tru,0,0
QUEENS,Pick up Tr,0,0
MANHATTAN,0,0,0
MANHATTAN,government,0,0
BROOKLYN,CAT,0,0
BROOKLYN,PICK UP TR,0,0
BROOKLYN,FDNY Fire,0,0
BROOKLYN,CARGO VAN,0,0
BROOKLYN,FREIGHT TR,0,0
QUEENS,Tow Truck,0,0
QUEENS,BOX TRUCK,0,0
BROOKLYN,UTIL,0,0
MANHATTAN,FREIGHTLIN,0,0
BRONX,pc,0,0
BROOKLYN,delviery,0,0
MANHATTAN,TRK,0,0
BROOKLYN,OMR,0,0
BRONX,P/SH,0,0
STATEN ISLAND,SCHOOL BUS,0,0
MANHATTAN,TOW TRUCK,0,0
BRONX,FDNY TRUCK,0,0
BROOKLYN,tr,0,0
MANHATTAN,postal ser,0,0
QUEENS,School bus,0,0
MANHATTAN,D/V WB,0,0
BROOKLYN,food truck,0,0
QUEENS,pay loader,0,0
BROOKLYN,Hopper,0,0
BROOKLYN,tractor tr,0,0
MANHATTAN,TRACTOR,0,0
QUEENS,MAIL TRUCK,0,0
BROOKLYN,TR-Trailer,0,0
MANHATTAN,City,0,0
MANHATTAN,TANK,0,0
QUEENS,YELLOWPOWE,0,0
BRONX,197209,0,0
BROOKLYN,posta,0,0
BROOKLYN,UTILI,0,0
BROOKLYN,AMB,0,0
BROOKLYN,utili,0,0
BROOKLYN,St,0,0
QUEENS,Pallet,0,0
MANHATTAN,DELV,0,0
QUEENS,LADDER TRU,0,0
BRONX,Amb,0,0
STATEN ISLAND,PSH,0,0
MANHATTAN,UHUAL,0,0
MANHATTAN,Pickup with mounted Camper,0,0
BROOKLYN,box t,0,0
BROOKLYN,picku,0,0
BROOKLYN,van t,0,0
QUEENS,AMBU,0,0
QUEENS,Forkl,0,0
QUEENS,ECONO,0,0
BRONX,tract,0,0
QUEENS,FUEL,0,0
BRONX,TANKE,0,0
BRONX,GARBA,0,0
BROOKLYN,RV,0,0
MANHATTAN,3 WHE,0,0
QUEENS,DOT T,0,0
BROOKLYN,CRANE,0,0
BROOKLYN,deliv,0,0
QUEENS,Box T,0,0
BRONX,Ambul,0,0
BROOKLYN,STREE,0,0
MANHATTAN,TRACT,0,0
BROOKLYN,LIEBH,0,0
QUEENS,TOW T,0,0
BROOKLYN,USP M,0,0
MANHATTAN,SANTI,0,0
MANHATTAN,trail,0,0
BROOKLYN,tow t,0,0
QUEENS,BOX T,0,0
BROOKLYN,g spc,0,0
BROOKLYN,CONT,0,0
QUEENS,TANKE,0,0
BRONX,trail,0,0
BROOKLYN,HI TA,0,0
MANHATTAN,BOX T,0,0
MANHATTAN,PICKU,0,0
BROOKLYN,fire,0,0
QUEENS,COMM,0,0
MANHATTAN,ambul,0,0
BROOKLYN,Trail,0,0
BROOKLYN,UT,0,0
BROOKLYN,PU,0,0
BROOKLYN,truck,0,0
BROOKLYN,Tow T,0,0
MANHATTAN,Fire,0,0
BROOKLYN,POWER,0,0
BRONX,stree,0,0
QUEENS,MACK,0,0
MANHATTAN,FIRE,0,0
BRONX,Tow Truck,0,0
BRONX,CITY,0,0
MANHATTAN,BS,0,0
MANHATTAN,Enclosed Body - Nonremovable Enclosure,0,0
BRONX,TRAC,0,0
BROOKLYN,tow,0,0
BRONX,ACCES,0,0
STATEN ISLAND,Chassis Cab,0,0
BROOKLYN,subn,0,0
BROOKLYN,VAN T,0,0
BROOKLYN,FORD,0,0
BROOKLYN,Acces,0,0
BROOKLYN,BTM,0,0
BROOKLYN,tract,0,0
STATEN ISLAND,FDNY,0,0
QUEENS,deliv,0,0
QUEENS,MAIL,0,0
MANHATTAN,NTTRL,0,0
STATEN ISLAND,ambul,0,0
BROOKLYN,YELLO,0,0
BROOKLYN,TRLR,0,0
MANHATTAN,firet,0,0
BRONX,FORD,0,0
MANHATTAN,SUBUR,0,0
MANHATTAN,Hopper,0,0
BRONX,TRL,0,0
MANHATTAN,NAVIG,0,0
QUEENS,COMMU,0,0
QUEENS,Livestock Rack,0,0
BROOKLYN,TIR,0,0
BRONX,st,0,0
BROOKLYN,Motor Home,0,0
QUEENS,COURI,0,0
BROOKLYN,Stree,0,0
BRONX,CAT P,0,0
QUEENS,garba,0,0
BRONX,Comme,0,0
QUEENS,GARBA,0,0
BROOKLYN,SC,0,0
BROOKLYN,cater,0,0
MANHATTAN,SEA,0,0
BRONX,Motorized Home,0,0
QUEENS,BUCKE,0,0
BROOKLYN,Sanit,0,0
MANHATTAN,Glass Rack,0,0
MANHATTAN,UNK,0,0
MANHATTAN,COMER,0,0
BROOKLYN,REFG,0,0
MANHATTAN,NYPD,0,0
BROOKLYN,US Po,0,0
QUEENS,VAV,0,0
QUEENS,EXCAV,0,0
QUEENS,fdny,0,0
QUEENS,Firet,0,0
MANHATTAN,GOVER,0,0
BRONX,scoot,0,0
BROOKLYN,trail,0,0
BRONX,schoo,0,0
MANHATTAN,LTRL,0,0
MANHATTAN, omm,0,0
STATEN ISLAND,garba,0,0
BROOKLYN,MAC T,0,0
MANHATTAN,UTILI,0,0
BROOKLYN,FIRET,0,0
BROOKLYN,CMS-T,0,0
QUEENS,Bulk Agriculture,0,0
QUEENS,red t,0,0
BRONX,TRAIL,0,0
BRONX,USPS2,0,0
QUEENS,COMME,0,0
MANHATTAN,Bicyc,0,0
MANHATTAN,NYC D,0,0
STATEN ISLAND,FRHT,0,0
BROOKLYN,3 WHE,0,0
QUEENS,Budge,0,0
BROOKLYN,Grain,0,0
QUEENS,Tow t,0,0
QUEENS,FRHT,0,0
BROOKLYN,BACK,0,0
STATEN ISLAND,UTILI,0,0
STATEN ISLAND,Fd fi,0,0
STATEN ISLAND,trail,0,0
BRONX,DELIV,0,0
BRONX,LIMOU,0,0
QUEENS,12 Pa,0,0
BROOKLYN,AMbul,0,0
MANHATTAN,FORK,0,0
BROOKLYN,stree,0,0
BROOKLYN,DUMPT,0,0
QUEENS,DELIV,0,0
QUEENS,utili,0,0
QUEENS,e com,0,0
MANHATTAN,EMRGN,0,0
BRONX,FLAT,0,0
STATEN ISLAND,RV,0,0
MANHATTAN,work,0,0
BRONX,Tract,0,0
BROOKLYN,Dumps,0,0
MANHATTAN,BROOM,0,0
QUEENS,CHERR,0,0
BRONX,UHAUL,0,0
BROOKLYN,Livestock Rack,0,0
MANHATTAN,Garba,0,0
BRONX,NEW Y,0,0
MANHATTAN,GRAY,0,0
STATEN ISLAND,MAIL,0,0
BROOKLYN,garba,0,0
BRONX,CAMP,0,0
MANHATTAN,Enclosed Body - Removable Enclosure,0,0
MANHATTAN,RGS,0,0
QUEENS,GOVER,0,0
BROOKLYN,POSTO,0,0
BRONX,firet,0,0
BROOKLYN,WORK,0,0
QUEENS,Pickup with mounted Camper,0,0
BROOKLYN,R/V C,0,0
BRONX,OMR,0,0
QUEENS,fd tr,0,0
BRONX,COMME,0,0
BROOKLYN,CASE,0,0
STATEN ISLAND,Refrigerated Van,0,0
QUEENS,FIRET,0,0
BROOKLYN,R/V,0,0
QUEENS,FD tr,0,0
BROOKLYN,Motorized Home,0,0
BROOKLYN,Spc,0,0
BRONX,comme,0,0
MANHATTAN,PAS,0,0
MANHATTAN,Subn,0,0
BRONX,WHEEL,0,0
BROOKLYN,Elect,0,0
MANHATTAN,Backh,0,0
MANHATTAN,CART,0,0
MANHATTAN,TOW T,0,0
QUEENS,trl,0,0
MANHATTAN,ice c,0,0
BROOKLYN,Well Driller,0,0
BROOKLYN,boxtr,0,0
BRONX,spec,0,0
MANHATTAN,fork,0,0
MANHATTAN,Food,0,0
MANHATTAN,BULLD,0,0
MANHATTAN,BACKH,0,0
QUEENS,White,0,0
MANHATTAN,BK,0,0
QUEENS,VAN/B,0,0
MANHATTAN,Semi,0,0
BROOKLYN,fdny,0,0
MANHATTAN,box t,0,0
MANHATTAN,POWER,0,0
QUEENS,icecr,0,0
MANHATTAN,Pick-,0,0
BROOKLYN,Sprin,0,0
MANHATTAN,MACK,0,0
BROOKLYN,15 Pa,0,0
BROOKLYN,MACK TRUCK,0,0
STATEN ISLAND,Tanker,0,0
BROOKLYN,PICKU,0,0
QUEENS,box t,0,0
BROOKLYN,nyc d,0,0
BROOKLYN,VAN/T,0,0
BRONX,C0MME,0,0
MANHATTAN,jeep,0,0
MANHATTAN,comme,0,0
QUEENS,Glass Rack,0,0
BRONX,CARGO,0,0
MANHATTAN,ambu,0,0
BRONX,flat,0,0
STATEN ISLAND,bobca,0,0
BROOKLYN,unk,0,0
STATEN ISLAND,sanit,0,0
MANHATTAN,fdny,0,0
STATEN ISLAND,POWER,0,0
MANHATTAN,YELLO,0,0
BROOKLYN,sanit,0,0
MANHATTAN,U.S. POSTA,0,0
BRONX,UTIL,0,0
QUEENS,STAK,0,0
BROOKLYN,SUV,0,0
MANHATTAN,fire,0,0
MANHATTAN,delv,0,0
MANHATTAN,Schoo,0,0
BRONX,tank,0,0
BRONX,Tow,0,0
MANHATTAN,UHAUL,0,0
QUEENS,OMNIB,0,0
BROOKLYN,SEMI-,0,0
BRONX,MACK,0,0
BROOKLYN,Sweep,0,0
QUEENS,posta,0,0
BRONX,315 e,0,0
MANHATTAN,dp,0,0
BRONX,RV,0,0
BRONX,Pick,0,0
BROOKLYN,dump,0,0
BRONX,STREE,0,0
BROOKLYN,omr,0,0
BROOKLYN,ABULA,0,0
MANHATTAN,utili,0,0
MANHATTAN,tr,0,0
BRONX,NYC F,0,0
MANHATTAN,Trail,0,0
BRONX,deliv,0,0
BRONX,RENTA,0,0
QUEENS,tk,0,0
BROOKLYN,refg,0,0
BROOKLYN,small,0,0
MANHATTAN,Pavin,0,0
QUEENS,UTILI,0,0
QUEENS,Mo pa,0,0
QUEENS,CO,0,0
STATEN ISLAND,REFRI,0,0
QUEENS,east,0,0
MANHATTAN,PRIVA,0,0
BROOKLYN,Firet,0,0
MANHATTAN,TOWER,0,0
STATEN ISLAND,BOX T,0,0
MANHATTAN,SD,0,0
BRONX,TL TR,0,0
MANHATTAN,FLAT,0,0
BRONX,CABIN,0,0
QUEENS,CRANE,0,0
MANHATTAN,Uhaul,0,0
MANHATTAN,NT TR,0,0
QUEENS,VERIZ,0,0
STATEN ISLAND,AMBUL,0,0
QUEENS,tow t,0,0
MANHATTAN,REFRI,0,0
MANHATTAN,VESPA,0,0
BRONX,OML,0,0
MANHATTAN,unkow,0,0
BROOKLYN,nycta,0,0
STATEN ISLAND,TRAIL,0,0
BROOKLYN,US PO,0,0
BROOKLYN,mtr s,0,0
QUEENS,mack,0,0
QUEENS,delv,0,0
MANHATTAN,WINNE,0,0
BROOKLYN,UNKNO,0,0
QUEENS,LIGHT,0,0
MANHATTAN,uhaul,0,0
BRONX,US PO,0,0
MANHATTAN,wagon,0,0
STATEN ISLAND,SANIT,0,0
MANHATTAN,FORD,0,0
MANHATTAN,mail,0,0
QUEENS,FLATB,0,0
BROOKLYN,APP,0,0
STATEN ISLAND,FIRET,0,0
BROOKLYN,suv,0,0
MANHATTAN,MINIV,0,0
BROOKLYN,BOOM,0,0
QUEENS,OMR,0,0
BRONX,TRACT,0,0
MANHATTAN,1,0,0
BROOKLYN,YW PO,0,0
MANHATTAN,PET,0,0
QUEENS,FREIG,0,0
BROOKLYN,TRANS,0,0
QUEENS,fork,0,0
BROOKLYN,MO PE,0,0
MANHATTAN,semi-,0,0
MANHATTAN,U HAU,0,0
BROOKLYN,Pick,0,0
STATEN ISLAND,PASS,0,0
STATEN ISLAND,POIS,0,0
BRONX,MTA C,0,0
BROOKLYN,cargo,0,0
MANHATTAN,usps,0,0
MANHATTAN,LADDER 34,0,0
MANHATTAN,const,0,0
MANHATTAN,ford,0,0
STATEN ISLAND,4DR,0,0
MANHATTAN,FLATB,0,0
QUEENS,POSTA,0,0
STATEN ISLAND,cater,0,0
MANHATTAN,VAV,0,0
MANHATTAN,WAGON,0,0
MANHATTAN,5X8 T,0,0
MANHATTAN,mack,0,0
MANHATTAN,tower,0,0
MANHATTAN,p/sh,0,0
QUEENS,VAB,0,0
STATEN ISLAND,SW,0,0
QUEENS,dodge,0,0
BRONX,util,0,0
QUEENS,OML,0,0
MANHATTAN,Livestock Rack,0,0
BROOKLYN,TLC,0,0
MANHATTAN,REPAI,0,0
BRONX,unkno,0,0
STATEN ISLAND,DUMP,0,0
STATEN ISLAND,4D,0,0
STATEN ISLAND,4 RUN,0,0
BRONX,Vanette,0,0
BRONX,box t,0,0
STATEN ISLAND,TRK,0,0
MANHATTAN,COMM,0,0
MANHATTAN,ROOD,0,0
MANHATTAN,trac,0,0
STATEN ISLAND,SYBN,0,0
QUEENS,BACK,0,0
MANHATTAN,FLEET,0,0
BRONX,Motor Home,0,0
BRONX,OMNIB,0,0
BROOKLYN,Stake,0,0
STATEN ISLAND,US,0,0
QUEENS,Flatb,0,0
BRONX,Schoo,0,0
STATEN ISLAND,TRAC.,0,0
STATEN ISLAND,TANK,0,0
QUEENS,FRIEG,0,0
MANHATTAN,CRANE,0,0
BRONX,FUEL,0,0
QUEENS,SANIT,0,0
MANHATTAN,Deliv,0,0
BRONX,rmp,0,0
MANHATTAN,cemen,0,0
QUEENS,self,0,0
MANHATTAN,trl,0,0
MANHATTAN,Renta,0,0
MANHATTAN,SCOMM,0,0
MANHATTAN,STERL,0,0
STATEN ISLAND,MAXIM,0,0
QUEENS,PS,0,0
STATEN ISLAND,TRACT,0,0
BROOKLYN,schoo,0,0
BRONX,TANK,0,0
QUEENS,CARGO,0,0
STATEN ISLAND,SUB,0,0
QUEENS,1,0,0
MANHATTAN,picku,0,0
STATEN ISLAND,OMR,0,0
STATEN ISLAND,SUV,0,0
STATEN ISLAND,REFG,0,0
STATEN ISLAND,PC,0,0
QUEENS,ups t,0,0
BRONX,HOUSE,0,0
STATEN ISLAND,CITY,0,0
QUEENS,omt,0,0
MANHATTAN,GREEN,0,0
BROOKLYN,Log,0,0
BRONX,ems b,0,0
MANHATTAN,INTER,0,0
MANHATTAN,N/A,0,0
BRONX,subn,0,0
QUEENS,A-ONE,0,0
MANHATTAN,Sanit,0,0
QUEENS,unk,0,0
QUEENS,scooc,0,0
BROOKLYN,FORK,0,0
QUEENS,yy,0,0
MANHATTAN,couri,0,0
MANHATTAN,NA,0,0
BRONX,PSP,0,0
STATEN ISLAND,TRAC,0,0
STATEN ISLAND,SERVI,0,0
BRONX,SM YW,0,0
MANHATTAN,HOSRE,0,0
QUEENS,BOX,0,0
QUEENS,nyfd,0,0
BRONX,BOX T,0,0
BRONX,ambu,0,0
BROOKLYN,pick,0,0
MANHATTAN,26 ft,0,0
STATEN ISLAND,ENGIN,0,0
MANHATTAN,Pick,0,0
QUEENS,9999,0,0
QUEENS,stree,0,0
BROOKLYN,OMT,0,0
QUEENS,cm,0,0
MANHATTAN,CMIX,0,0
BROOKLYN,SURET,0,0
QUEENS,TRLR,0,0
BROOKLYN,BOBCA,0,0
QUEENS,G TOW,0,0
MANHATTAN,util,0,0
STATEN ISLAND,Beverage Truck,0,0
BROOKLYN,TRL,0,0
BRONX,PAS V,0,0
QUEENS,OMT,0,0
MANHATTAN,CON E,0,0
QUEENS,VAN/T,0,0
QUEENS,inter,0,0
BRONX,com v,0,0
MANHATTAN,com,0,0
MANHATTAN,PASS,0,0
MANHATTAN,OMNIB,0,0
MANHATTAN,VAN T,0,0
STATEN ISLAND,NO/BU,0,0
BROOKLYN,2 DR,0,0
STATEN ISLAND,UPS M,0,0
BRONX,WINNE,0,0
MANHATTAN,DODGE,0,0
MANHATTAN,REFR,0,0
BROOKLYN,freig,0,0
QUEENS,Schoo,0,0
MANHATTAN,TRL,0,0
BROOKLYN,ambu,0,0
MANHATTAN,NOT I,0,0
MANHATTAN,WHIT,0,0
MANHATTAN,3 Whe,0,0
BROOKLYN,unkno,0,0
MANHATTAN,road,0,0
QUEENS,ENGIN,0,0
BRONX,usps,0,0
QUEENS,AERIA,0,0
MANHATTAN,MOVIN,0,0
MANHATTAN,2000,0,0
BRONX,TRLR,0,0
MANHATTAN,FIRET,0,0
QUEENS,com,0,0
QUEENS,ram,0,0
MANHATTAN,Tow T,0,0
BROOKLYN,Truck,0,0
BROOKLYN,VAN E,0,0
BROOKLYN,ukn,0,0
MANHATTAN,FORKL,0,0
BROOKLYN,MTA V,0,0
BRONX,POSTA,0,0
QUEENS,van w,0,0
MANHATTAN,MOTOR,0,0
MANHATTAN,SCOM,0,0
BROOKLYN,NAVIG,0,0
STATEN ISLAND,SCHOO,0,0
BROOKLYN,FLAT-,0,0
BROOKLYN,11111,0,0
BROOKLYN,MOBIL,0,0
MANHATTAN,NISSA,0,0
QUEENS,subn,0,0
BRONX,unk,0,0
BRONX,PEDICAB,0,0
BROOKLYN,PEDICAB,0,0
QUEENS,PEDICAB,0,0
BROOKLYN,CHASSIS &,0,0
BRONX,TL,0,0
BROOKLYN,FDNY FIRET,0,0
BROOKLYN,Self insur,0,0
MANHATTAN,Tractor tr,0,0
MANHATTAN,Fdny ems,0,0
BRONX,Delivery V,0,0
MANHATTAN,SPRINTER V,0,0
QUEENS,MAIL CARRI,0,0
BROOKLYN,UNKWOWN,0,0
QUEENS,UHAUL,0,0
QUEENS,DELIVERY V,0,0
QUEENS,Omnibus,0,0
BROOKLYN,P PSD,0,0
BROOKLYN,Road Sweep,0,0
MANHATTAN,DELIVERY T,0,0
MANHATTAN,unknown,0,0
BROOKLYN,UTILITY TR,0,0
MANHATTAN,Small Bus,0,0
BROOKLYN,EMS,0,0
QUEENS,Ford FF,0,0
BRONX,FLATBED TO,0,0
STATEN ISLAND,GMC ECOM,0,0
BROOKLYN,USPS Truck,0,0
QUEENS,Ladder tru,0,0
QUEENS,Commer Veh,0,0
BRONX,Ems truck,0,0
QUEENS,Ladder,0,0
BROOKLYN,Fed Ex Tru,0,0
STATEN ISLAND,electronic,0,0
BRONX,delivery t,0,0
STATEN ISLAND,MAIL TRUCK,0,0
BRONX,PICK-UP TR,0,0
STATEN ISLAND,PICKUP,0,0
BROOKLYN,ems bus,0,0
QUEENS,Waste truc,0,0
QUEENS,UTILITY,0,0
MANHATTAN,FDNY Truck,0,0
BROOKLYN,Utility ve,0,0
QUEENS,Road sweep,0,0
STATEN ISLAND,UTIL,0,0
STATEN ISLAND,COMMERCIAL,0,0
BRONX,FIRE ENGIN,0,0
BROOKLYN,DELV WH,0,0
BROOKLYN,MTA transi,0,0
MANHATTAN,Garbage tr,0,0